xmin,ymin,xmax,ymax,confidence,class,name
488.7572326660156,62.674041748046875,624.4866333007812,591.3685302734375,0.8874411582946777,0,pedestrian_blob_0.jpg
507.455322265625,57.827850341796875,635.862060546875,590.6497802734375,0.892977774143219,0,pedestrian_blob_1.jpg
509.6448974609375,54.4208984375,647.628662109375,589.1405029296875,0.9140551686286926,0,pedestrian_blob_2.jpg
501.8742980957031,54.714202880859375,663.5931396484375,589.932373046875,0.9183555841445923,0,pedestrian_blob_3.jpg
494.3079833984375,59.10699462890625,673.6319580078125,595.7061767578125,0.9265378713607788,0,pedestrian_blob_4.jpg
483.4986572265625,61.428375244140625,690.2252197265625,597.814697265625,0.9317268133163452,0,pedestrian_blob_5.jpg
477.0639953613281,67.18157958984375,705.6611328125,602.4208374023438,0.9275035262107849,0,pedestrian_blob_6.jpg
463.612060546875,65.544921875,718.6600341796875,599.70458984375,0.9265099167823792,0,pedestrian_blob_7.jpg
451.3314208984375,70.25595092773438,716.6761474609375,595.46826171875,0.9328895211219788,0,pedestrian_blob_8.jpg
433.6543884277344,76.00323486328125,714.7109375,595.9737548828125,0.9426846504211426,0,pedestrian_blob_9.jpg
424.70220947265625,79.25469970703125,711.0613403320312,599.095703125,0.9441033601760864,0,pedestrian_blob_10.jpg
419.99090576171875,82.24783325195312,706.5243530273438,603.4136962890625,0.9409815073013306,0,pedestrian_blob_11.jpg
419.64990234375,83.07962036132812,702.6959228515625,604.4039306640625,0.9398098587989807,0,pedestrian_blob_12.jpg
421.3835144042969,85.01828002929688,694.497314453125,601.02783203125,0.9343732595443726,0,pedestrian_blob_13.jpg
443.82818603515625,81.85748291015625,681.7211303710938,605.0316772460938,0.9286291599273682,0,pedestrian_blob_14.jpg
455.21630859375,78.0377197265625,673.806396484375,601.5117797851562,0.9173039197921753,0,pedestrian_blob_15.jpg
478.59149169921875,60.288482666015625,649.1685180664062,600.2225341796875,0.8782513737678528,0,pedestrian_blob_16.jpg
498.01239013671875,67.94342041015625,642.9999389648438,589.2896728515625,0.8838736414909363,0,pedestrian_blob_17.jpg
515.584228515625,63.782470703125,647.7032470703125,589.4834594726562,0.8834264874458313,0,pedestrian_blob_18.jpg
518.3339233398438,59.092498779296875,646.9989624023438,591.952392578125,0.8928995132446289,0,pedestrian_blob_19.jpg
504.794921875,58.376495361328125,656.641357421875,597.0672607421875,0.9069814682006836,0,pedestrian_blob_20.jpg
490.57781982421875,61.110107421875,673.8345336914062,598.2610473632812,0.903849720954895,0,pedestrian_blob_21.jpg
480.1336669921875,63.627960205078125,702.3253173828125,596.150390625,0.8957124352455139,0,pedestrian_blob_22.jpg
465.9077453613281,70.10696411132812,717.013671875,598.35107421875,0.9011229276657104,0,pedestrian_blob_23.jpg
457.4874267578125,70.69195556640625,738.84033203125,596.1104125976562,0.9135750532150269,0,pedestrian_blob_24.jpg
444.75604248046875,73.57562255859375,728.5261840820312,594.592041015625,0.9211278557777405,0,pedestrian_blob_25.jpg
431.590576171875,74.6444091796875,725.8597412109375,600.6094360351562,0.9281220436096191,0,pedestrian_blob_26.jpg
422.1163635253906,78.21389770507812,717.9549560546875,602.4453125,0.9377217292785645,0,pedestrian_blob_27.jpg
425.56610107421875,73.60275268554688,699.8919067382812,600.42919921875,0.9302453398704529,0,pedestrian_blob_28.jpg
422.6885986328125,70.8985595703125,685.7818603515625,589.9061889648438,0.8834744095802307,0,pedestrian_blob_29.jpg
436.3265380859375,71.98776245117188,677.20556640625,589.68505859375,0.9127117395401001,0,pedestrian_blob_30.jpg
447.2106628417969,67.22079467773438,665.1446533203125,594.119140625,0.9095562696456909,0,pedestrian_blob_31.jpg
463.11126708984375,67.658447265625,662.1110229492188,590.1956787109375,0.9065273404121399,0,pedestrian_blob_32.jpg
479.5231018066406,62.667572021484375,635.1406860351562,585.401611328125,0.8823654651641846,0,pedestrian_blob_33.jpg
497.02557373046875,59.976593017578125,640.1838989257812,585.39013671875,0.8613135814666748,0,pedestrian_blob_34.jpg
525.609130859375,55.923370361328125,650.16455078125,594.6563720703125,0.8862348198890686,0,pedestrian_blob_35.jpg
515.6680908203125,57.875640869140625,665.87939453125,586.792236328125,0.9030764698982239,0,pedestrian_blob_36.jpg
505.3739013671875,58.173492431640625,680.04736328125,588.9031982421875,0.916271984577179,0,pedestrian_blob_37.jpg
495.9592590332031,62.52001953125,687.0435180664062,591.871826171875,0.9172666668891907,0,pedestrian_blob_38.jpg
488.5667724609375,64.06692504882812,702.55224609375,591.97314453125,0.9239846467971802,0,pedestrian_blob_39.jpg
474.1148681640625,64.42819213867188,718.1400146484375,594.2117919921875,0.9242901802062988,0,pedestrian_blob_40.jpg
460.76141357421875,70.32125854492188,727.8682250976562,595.204345703125,0.9283971786499023,0,pedestrian_blob_41.jpg
450.246337890625,70.79953002929688,717.133056640625,593.0750732421875,0.9312812685966492,0,pedestrian_blob_42.jpg
437.09283447265625,72.71121215820312,713.7512817382812,593.8125,0.9307195544242859,0,pedestrian_blob_43.jpg
430.18914794921875,74.6458740234375,712.4569702148438,599.9429321289062,0.9355443716049194,0,pedestrian_blob_44.jpg
433.5970458984375,75.6114501953125,708.4940185546875,600.5874633789062,0.927628219127655,0,pedestrian_blob_45.jpg
439.17431640625,79.11126708984375,698.2908935546875,591.4310302734375,0.9245306253433228,0,pedestrian_blob_46.jpg
455.4809265136719,77.162353515625,693.9303588867188,587.961181640625,0.9260035753250122,0,pedestrian_blob_47.jpg
464.7770690917969,79.60186767578125,676.406005859375,592.6882934570312,0.9268057346343994,0,pedestrian_blob_48.jpg
482.474365234375,75.83297729492188,657.391845703125,591.8687744140625,0.9062644839286804,0,pedestrian_blob_49.jpg
527.4740600585938,70.17434692382812,653.3640747070312,584.1300048828125,0.881397008895874,0,pedestrian_blob_50.jpg
544.7272338867188,65.05880737304688,663.0601196289062,583.638427734375,0.9061926603317261,0,pedestrian_blob_51.jpg
543.1493530273438,60.7271728515625,665.8203735351562,588.1494750976562,0.9006771445274353,0,pedestrian_blob_52.jpg
528.1310424804688,57.4593505859375,671.6350708007812,594.9976196289062,0.8727425932884216,0,pedestrian_blob_53.jpg
511.6485900878906,58.95947265625,709.3152465820312,596.6578369140625,0.882149338722229,0,pedestrian_blob_54.jpg
500.1507568359375,61.033416748046875,735.391357421875,597.1395263671875,0.9109483957290649,0,pedestrian_blob_55.jpg
488.08087158203125,69.583251953125,745.5043334960938,593.7595825195312,0.9221670031547546,0,pedestrian_blob_56.jpg
476.4764404296875,74.03125,743.5325927734375,595.236572265625,0.9218776822090149,0,pedestrian_blob_57.jpg
465.4005126953125,79.3228759765625,743.65478515625,596.6962280273438,0.9306450486183167,0,pedestrian_blob_58.jpg
457.52288818359375,79.06173706054688,744.1802368164062,598.23046875,0.9322121143341064,0,pedestrian_blob_59.jpg
457.25445556640625,78.03964233398438,741.5597534179688,597.295654296875,0.9312914609909058,0,pedestrian_blob_60.jpg
454.29449462890625,79.24298095703125,736.4393920898438,591.8519287109375,0.9174860119819641,0,pedestrian_blob_61.jpg
464.0364685058594,79.99050903320312,721.697265625,582.8502197265625,0.8942021727561951,0,pedestrian_blob_62.jpg
486.80340576171875,69.4617919921875,693.1928100585938,590.4639892578125,0.9009346961975098,0,pedestrian_blob_63.jpg
489.6219177246094,80.88629150390625,686.3526000976562,581.0176391601562,0.8773453235626221,0,pedestrian_blob_64.jpg
503.0422668457031,80.62675476074219,689.0667114257812,584.5847778320312,0.8863347172737122,0,pedestrian_blob_65.jpg
523.0901489257812,74.77151489257812,670.0553588867188,587.87109375,0.8759528398513794,0,pedestrian_blob_66.jpg
557.6975708007812,65.30508422851562,676.2916870117188,587.537353515625,0.742190420627594,0,pedestrian_blob_67.jpg
558.1248779296875,64.96719360351562,693.46728515625,586.8209228515625,0.8960209488868713,0,pedestrian_blob_68.jpg
552.528564453125,60.2298583984375,710.247314453125,578.6115112304688,0.9137274026870728,0,pedestrian_blob_69.jpg
535.9822998046875,61.10235595703125,725.7718505859375,582.78466796875,0.9258052706718445,0,pedestrian_blob_70.jpg
523.8526611328125,61.881103515625,740.0023193359375,584.6783447265625,0.9359174370765686,0,pedestrian_blob_71.jpg
515.1768798828125,65.66064453125,757.3717041015625,584.6465454101562,0.9313878417015076,0,pedestrian_blob_72.jpg
498.265380859375,69.59439086914062,754.5430908203125,586.3697509765625,0.9314524531364441,0,pedestrian_blob_73.jpg
485.02349853515625,72.36257934570312,745.8717651367188,586.2877197265625,0.9253404140472412,0,pedestrian_blob_74.jpg
474.3971252441406,76.45556640625,747.405029296875,590.6031494140625,0.9335399270057678,0,pedestrian_blob_75.jpg
467.28668212890625,78.037109375,739.7454223632812,592.9329833984375,0.9354142546653748,0,pedestrian_blob_76.jpg
467.1202392578125,79.06192016601562,737.171875,594.0460205078125,0.9312548637390137,0,pedestrian_blob_77.jpg
469.1911926269531,82.27174377441406,733.49560546875,589.1597290039062,0.9278809428215027,0,pedestrian_blob_78.jpg
482.956787109375,85.23043823242188,729.4166259765625,585.9014892578125,0.9148705005645752,0,pedestrian_blob_79.jpg
498.3741455078125,87.75180053710938,719.368896484375,582.0462646484375,0.909105122089386,0,pedestrian_blob_80.jpg
514.9526977539062,85.53974914550781,708.1387329101562,585.3219604492188,0.9077361226081848,0,pedestrian_blob_81.jpg
537.0467529296875,83.40855407714844,693.2374267578125,582.56884765625,0.9052544236183167,0,pedestrian_blob_82.jpg
558.9991455078125,75.05081176757812,693.258544921875,581.132080078125,0.9037014245986938,0,pedestrian_blob_83.jpg
560.0079345703125,70.5849609375,698.84814453125,577.5324096679688,0.9162583947181702,0,pedestrian_blob_84.jpg
552.8374633789062,65.61569213867188,704.7544555664062,580.6898193359375,0.9019681811332703,0,pedestrian_blob_85.jpg
542.9683837890625,64.33200073242188,729.6259765625,580.9864501953125,0.9282353520393372,0,pedestrian_blob_86.jpg
524.6337890625,62.7890625,746.52099609375,582.40478515625,0.9256875514984131,0,pedestrian_blob_87.jpg
514.45751953125,64.83978271484375,761.9505615234375,592.2363891601562,0.9338629841804504,0,pedestrian_blob_88.jpg
503.406494140625,71.29873657226562,770.429931640625,591.845947265625,0.9342665672302246,0,pedestrian_blob_89.jpg
485.09442138671875,74.83746337890625,762.1367797851562,592.1871948242188,0.9281777739524841,0,pedestrian_blob_90.jpg
475.3668518066406,76.8917236328125,744.967529296875,591.5442504882812,0.9226326942443848,0,pedestrian_blob_91.jpg
470.222900390625,77.2431640625,735.468017578125,590.85986328125,0.9273032546043396,0,pedestrian_blob_92.jpg
469.234375,77.07894897460938,732.8341064453125,589.927001953125,0.9171155691146851,0,pedestrian_blob_93.jpg
472.7444763183594,77.190673828125,730.1961669921875,587.8916015625,0.9175938367843628,0,pedestrian_blob_94.jpg
486.77081298828125,78.26950073242188,717.9022827148438,581.52783203125,0.8861976861953735,0,pedestrian_blob_95.jpg
503.4366149902344,78.25083923339844,718.4088134765625,577.8711547851562,0.8889434337615967,0,pedestrian_blob_96.jpg
516.8143310546875,75.73458862304688,693.40380859375,579.2640380859375,0.8268882036209106,0,pedestrian_blob_97.jpg
546.89990234375,70.45060729980469,705.9200439453125,576.0650024414062,0.9140479564666748,0,pedestrian_blob_98.jpg
571.6160888671875,64.52044677734375,708.4224853515625,585.8466796875,0.9145277142524719,0,pedestrian_blob_99.jpg
566.363037109375,62.6810302734375,731.42919921875,584.0204467773438,0.9009687900543213,0,pedestrian_blob_100.jpg
552.91064453125,60.68621826171875,729.8922119140625,581.05224609375,0.9252076148986816,0,pedestrian_blob_101.jpg
541.0134887695312,60.3272705078125,737.6510620117188,585.1249389648438,0.9318192601203918,0,pedestrian_blob_102.jpg
524.2343139648438,59.76422119140625,743.7291870117188,586.7105102539062,0.9319465160369873,0,pedestrian_blob_103.jpg
507.69732666015625,63.45770263671875,756.0468139648438,586.8558959960938,0.9252414703369141,0,pedestrian_blob_104.jpg
489.49530029296875,68.65322875976562,766.0073852539062,586.77880859375,0.9231154918670654,0,pedestrian_blob_105.jpg
483.10205078125,74.54446411132812,752.977783203125,588.8492431640625,0.9270955324172974,0,pedestrian_blob_106.jpg
470.57623291015625,76.677978515625,745.3654174804688,592.2628784179688,0.9269399642944336,0,pedestrian_blob_107.jpg
468.1163330078125,80.3836669921875,750.927490234375,584.8087158203125,0.9377644062042236,0,pedestrian_blob_108.jpg
472.61822509765625,81.07943725585938,748.5415649414062,582.5833740234375,0.9297322630882263,0,pedestrian_blob_109.jpg
478.45953369140625,81.73049926757812,754.4584350585938,592.121826171875,0.9280285239219666,0,pedestrian_blob_110.jpg
488.0959167480469,86.1434326171875,753.0025634765625,586.407958984375,0.9307116270065308,0,pedestrian_blob_111.jpg
503.38958740234375,87.33024597167969,751.1619262695312,586.2677612304688,0.9337018728256226,0,pedestrian_blob_112.jpg
521.202880859375,86.06587219238281,748.373779296875,585.8126220703125,0.9056029319763184,0,pedestrian_blob_113.jpg
540.5040283203125,84.48236083984375,726.957275390625,586.4662475585938,0.9248443245887756,0,pedestrian_blob_114.jpg
564.2006225585938,80.77241516113281,703.8051147460938,579.6394653320312,0.9147506356239319,0,pedestrian_blob_115.jpg
574.3561401367188,74.05146789550781,701.9376831054688,583.4566040039062,0.9068127274513245,0,pedestrian_blob_116.jpg
564.9303588867188,69.73762512207031,717.4323120117188,580.1359252929688,0.9130270481109619,0,pedestrian_blob_117.jpg
549.0586547851562,67.04562377929688,732.6704711914062,585.7974853515625,0.9230978488922119,0,pedestrian_blob_118.jpg
533.9612426757812,67.19674682617188,746.4974975585938,584.6712646484375,0.9271328449249268,0,pedestrian_blob_119.jpg
519.5236206054688,68.72076416015625,767.4920043945312,588.6260986328125,0.9254096150398254,0,pedestrian_blob_120.jpg
512.3032836914062,72.95840454101562,771.6466674804688,588.3475341796875,0.9373713135719299,0,pedestrian_blob_121.jpg
498.0830993652344,75.96138000488281,769.3380126953125,586.9880981445312,0.9323216080665588,0,pedestrian_blob_122.jpg
488.14019775390625,80.05023193359375,762.6347045898438,588.1094970703125,0.9283304810523987,0,pedestrian_blob_123.jpg
475.936279296875,79.53730773925781,748.41796875,582.5011596679688,0.9333732724189758,0,pedestrian_blob_124.jpg
473.05975341796875,79.85185241699219,736.9067993164062,577.1763916015625,0.9304847121238708,0,pedestrian_blob_125.jpg
478.3948974609375,79.289794921875,734.072509765625,579.965576171875,0.924606204032898,0,pedestrian_blob_126.jpg
491.13970947265625,82.86384582519531,712.3727416992188,574.3003540039062,0.897132158279419,0,pedestrian_blob_127.jpg
505.4192810058594,84.96994018554688,724.9771728515625,572.8729248046875,0.8814622759819031,0,pedestrian_blob_128.jpg
521.658935546875,85.47927856445312,710.6173095703125,573.81591796875,0.8592540621757507,0,pedestrian_blob_129.jpg
553.4909057617188,80.47515869140625,696.7827758789062,567.89599609375,0.8879798054695129,0,pedestrian_blob_130.jpg
572.2836303710938,75.5399169921875,703.3027954101562,575.2310180664062,0.9065940976142883,0,pedestrian_blob_131.jpg
572.451171875,68.32162475585938,711.6817626953125,573.0577392578125,0.9180018901824951,0,pedestrian_blob_132.jpg
560.1304321289062,66.3099365234375,718.3309936523438,570.1685791015625,0.9266177415847778,0,pedestrian_blob_133.jpg
547.199462890625,67.7862548828125,728.4393310546875,573.4783325195312,0.9348405003547668,0,pedestrian_blob_134.jpg
531.7459106445312,70.68354797363281,746.2984008789062,574.5738525390625,0.9309725165367126,0,pedestrian_blob_135.jpg
520.3074340820312,72.68612670898438,768.4851684570312,576.09765625,0.9270553588867188,0,pedestrian_blob_136.jpg
508.66668701171875,77.59767150878906,771.5238647460938,574.9848022460938,0.9293297529220581,0,pedestrian_blob_137.jpg
493.00048828125,81.44361877441406,767.53662109375,575.793212890625,0.9385621547698975,0,pedestrian_blob_138.jpg
483.66046142578125,81.05186462402344,762.8070678710938,578.9771728515625,0.9373838305473328,0,pedestrian_blob_139.jpg
480.04010009765625,83.83479309082031,751.2703247070312,579.57568359375,0.9309890866279602,0,pedestrian_blob_140.jpg
481.7689514160156,86.59698486328125,747.9498291015625,577.2740478515625,0.931574821472168,0,pedestrian_blob_141.jpg
489.9637451171875,91.42710876464844,741.2911376953125,578.5419311523438,0.9267898797988892,0,pedestrian_blob_142.jpg
499.66729736328125,95.20368957519531,742.8899536132812,575.8265991210938,0.9243749380111694,0,pedestrian_blob_143.jpg
515.27392578125,98.23390197753906,738.322509765625,578.2557983398438,0.9085211753845215,0,pedestrian_blob_144.jpg
541.1068725585938,94.073486328125,723.4049682617188,578.7664794921875,0.9199362397193909,0,pedestrian_blob_145.jpg
561.006591796875,89.138671875,717.1893310546875,575.8245849609375,0.9066885113716125,0,pedestrian_blob_146.jpg
580.4041748046875,86.40707397460938,722.2158203125,572.4085693359375,0.9049581289291382,0,pedestrian_blob_147.jpg
579.9515991210938,81.61000061035156,724.2974243164062,571.2462768554688,0.9094331860542297,0,pedestrian_blob_148.jpg
566.4951171875,77.27455139160156,731.376220703125,570.9857177734375,0.9059171080589294,0,pedestrian_blob_149.jpg
552.7846069335938,75.15524291992188,745.3123168945312,576.1475830078125,0.9121780395507812,0,pedestrian_blob_150.jpg
536.7037963867188,76.017578125,763.8110961914062,576.447509765625,0.9046894311904907,0,pedestrian_blob_151.jpg
522.8309326171875,79.7255859375,769.8450927734375,577.9772338867188,0.9206525087356567,0,pedestrian_blob_152.jpg
514.8727416992188,82.14581298828125,780.9055786132812,575.8737182617188,0.924921989440918,0,pedestrian_blob_153.jpg
500.8216552734375,85.50717163085938,766.267333984375,574.57568359375,0.9299843907356262,0,pedestrian_blob_154.jpg
492.4382019042969,87.28199768066406,760.60498046875,574.7587890625,0.9346668720245361,0,pedestrian_blob_155.jpg
490.1112976074219,91.19607543945312,755.69580078125,573.823974609375,0.9366261959075928,0,pedestrian_blob_156.jpg
490.5765380859375,89.65928649902344,746.4937744140625,566.8135986328125,0.9287115335464478,0,pedestrian_blob_157.jpg
500.4713134765625,88.95822143554688,743.45751953125,565.2886962890625,0.932081937789917,0,pedestrian_blob_158.jpg
519.7705078125,91.81312561035156,738.960205078125,560.64697265625,0.9257115125656128,0,pedestrian_blob_159.jpg
524.6306762695312,89.45980834960938,739.0120239257812,563.481689453125,0.9151710271835327,0,pedestrian_blob_160.jpg
547.5352783203125,84.90089416503906,723.6630859375,561.4093627929688,0.8667917847633362,0,pedestrian_blob_161.jpg
560.9288330078125,84.20138549804688,708.761962890625,565.319091796875,0.8966379761695862,0,pedestrian_blob_162.jpg
586.979248046875,80.88461303710938,719.554443359375,563.6849365234375,0.889580488204956,0,pedestrian_blob_163.jpg
579.7552490234375,75.89614868164062,725.7109375,562.5927734375,0.9110527038574219,0,pedestrian_blob_164.jpg
567.3070678710938,74.3065185546875,735.6836547851562,564.4132080078125,0.920371413230896,0,pedestrian_blob_165.jpg
554.3925170898438,77.81982421875,742.6807250976562,565.1928100585938,0.9225121736526489,0,pedestrian_blob_166.jpg
541.9296875,76.43901062011719,755.129150390625,570.3426513671875,0.9152090549468994,0,pedestrian_blob_167.jpg
522.0293579101562,80.93601989746094,765.0774536132812,568.0043334960938,0.9252585768699646,0,pedestrian_blob_168.jpg
516.8186645507812,85.0406494140625,767.1262817382812,567.96533203125,0.9285612106323242,0,pedestrian_blob_169.jpg
498.95599365234375,87.37615966796875,758.5952758789062,567.658935546875,0.9355670809745789,0,pedestrian_blob_170.jpg
492.9119873046875,88.19000244140625,762.2186279296875,568.8001098632812,0.9336783289909363,0,pedestrian_blob_171.jpg
487.224609375,89.496337890625,748.736083984375,568.117919921875,0.9325054883956909,0,pedestrian_blob_172.jpg
489.0985412597656,91.24940490722656,741.47412109375,566.2243041992188,0.9323925375938416,0,pedestrian_blob_173.jpg
494.3793640136719,91.96171569824219,740.9797973632812,566.1633911132812,0.9276447892189026,0,pedestrian_blob_174.jpg
501.0798034667969,93.00901794433594,731.7449340820312,560.65869140625,0.9210340976715088,0,pedestrian_blob_175.jpg
522.5241088867188,95.18281555175781,721.6423950195312,565.6466674804688,0.9100462794303894,0,pedestrian_blob_176.jpg
536.0158081054688,92.48307800292969,703.5263061523438,563.8128662109375,0.9003114104270935,0,pedestrian_blob_177.jpg
556.2625732421875,86.78004455566406,692.3560791015625,563.1388549804688,0.8771668076515198,0,pedestrian_blob_178.jpg
577.1768798828125,82.54258728027344,699.8790283203125,560.449462890625,0.87220698595047,0,pedestrian_blob_179.jpg
577.7570190429688,77.62110900878906,701.3421020507812,561.9368286132812,0.8962591290473938,0,pedestrian_blob_180.jpg
560.2257080078125,76.10301208496094,712.75341796875,561.828125,0.9228623509407043,0,pedestrian_blob_181.jpg
555.270751953125,73.71302795410156,729.321533203125,567.2777709960938,0.9232349395751953,0,pedestrian_blob_182.jpg
536.38134765625,78.18746948242188,769.453125,566.6092529296875,0.9157189726829529,0,pedestrian_blob_183.jpg
522.8421630859375,79.45539855957031,779.8223876953125,563.5944213867188,0.9243223071098328,0,pedestrian_blob_184.jpg
515.7703857421875,78.67752075195312,787.9334716796875,563.6912841796875,0.9254626035690308,0,pedestrian_blob_185.jpg
504.3209228515625,81.81451416015625,781.447265625,561.0719604492188,0.9335761070251465,0,pedestrian_blob_186.jpg
490.2459716796875,82.36480712890625,773.06494140625,562.9021606445312,0.9371034502983093,0,pedestrian_blob_187.jpg
483.53582763671875,85.1090087890625,765.7643432617188,561.6144409179688,0.9342238903045654,0,pedestrian_blob_188.jpg
479.0142822265625,83.66217041015625,761.20703125,560.9492797851562,0.9207993745803833,0,pedestrian_blob_189.jpg
483.8138427734375,86.70283508300781,743.4010009765625,561.5230102539062,0.8968051671981812,0,pedestrian_blob_190.jpg
505.12335205078125,88.87423706054688,732.7885131835938,555.6964111328125,0.9060207009315491,0,pedestrian_blob_191.jpg
520.1746826171875,84.37054443359375,734.1407470703125,557.0502319335938,0.9247069358825684,0,pedestrian_blob_192.jpg
533.8058471679688,80.09431457519531,716.7814331054688,556.6215209960938,0.919579803943634,0,pedestrian_blob_193.jpg
553.57080078125,76.7471923828125,696.7373046875,556.586669921875,0.8972107768058777,0,pedestrian_blob_194.jpg
573.158203125,72.35270690917969,696.747802734375,561.7870483398438,0.8921385407447815,0,pedestrian_blob_195.jpg
582.2943115234375,68.71035766601562,707.2501220703125,560.220703125,0.9076303839683533,0,pedestrian_blob_196.jpg
571.2371826171875,69.50315856933594,721.279052734375,563.9146118164062,0.9213709831237793,0,pedestrian_blob_197.jpg
555.4630737304688,73.56100463867188,739.1892700195312,567.68798828125,0.9205015301704407,0,pedestrian_blob_198.jpg
546.5470581054688,75.22926330566406,758.3080444335938,570.7739868164062,0.9213762283325195,0,pedestrian_blob_199.jpg
527.8845825195312,82.39505004882812,770.9227905273438,568.7635498046875,0.9242866635322571,0,pedestrian_blob_200.jpg
516.1265869140625,85.1456298828125,775.5914306640625,568.94580078125,0.928729772567749,0,pedestrian_blob_201.jpg
504.38677978515625,85.61994934082031,771.8146362304688,571.5105590820312,0.9305752515792847,0,pedestrian_blob_202.jpg
493.2698974609375,87.84103393554688,777.514892578125,571.4947509765625,0.9367883801460266,0,pedestrian_blob_203.jpg
488.4259338378906,91.21905517578125,762.6187744140625,569.7074584960938,0.9393216967582703,0,pedestrian_blob_204.jpg
488.5261535644531,93.04470825195312,757.430419921875,564.8223876953125,0.9368941783905029,0,pedestrian_blob_205.jpg
497.8597412109375,94.96931457519531,758.5552978515625,570.2817993164062,0.9334841370582581,0,pedestrian_blob_206.jpg
506.055419921875,94.73519897460938,767.2315673828125,570.35888671875,0.9155711531639099,0,pedestrian_blob_207.jpg
524.1846313476562,96.34768676757812,742.7183227539062,567.9425048828125,0.9209848642349243,0,pedestrian_blob_208.jpg
541.3878784179688,92.05882263183594,725.5330200195312,567.0234985351562,0.9220560193061829,0,pedestrian_blob_209.jpg
565.1890258789062,87.79901123046875,707.7545776367188,559.3604125976562,0.8958764672279358,0,pedestrian_blob_210.jpg
592.2766723632812,81.97166442871094,713.3202514648438,566.4491577148438,0.8992197513580322,0,pedestrian_blob_211.jpg
580.4265747070312,75.79782104492188,708.0018920898438,571.5352783203125,0.9135555624961853,0,pedestrian_blob_212.jpg
568.5631713867188,75.08500671386719,722.3539428710938,570.8628540039062,0.9193455576896667,0,pedestrian_blob_213.jpg
551.7285766601562,75.24354553222656,750.2008666992188,568.4149169921875,0.924315869808197,0,pedestrian_blob_214.jpg
532.806396484375,82.911865234375,781.5516357421875,570.227783203125,0.9274935126304626,0,pedestrian_blob_215.jpg
521.79931640625,83.33413696289062,790.0811767578125,568.8050537109375,0.9326158761978149,0,pedestrian_blob_216.jpg
511.00384521484375,85.09979248046875,792.4586791992188,571.8770751953125,0.9374370574951172,0,pedestrian_blob_217.jpg
496.30206298828125,86.94902038574219,784.9234008789062,567.8390502929688,0.9288027286529541,0,pedestrian_blob_218.jpg
486.5085754394531,88.851318359375,781.08837890625,567.552490234375,0.9365398287773132,0,pedestrian_blob_219.jpg
480.813232421875,87.87263488769531,770.73876953125,565.395263671875,0.9379967451095581,0,pedestrian_blob_220.jpg
478.60931396484375,86.55577087402344,763.4443969726562,563.311279296875,0.9166675209999084,0,pedestrian_blob_221.jpg
484.10821533203125,91.531494140625,751.7350463867188,566.9130859375,0.8871753811836243,0,pedestrian_blob_222.jpg
502.55731201171875,93.59181213378906,749.8300170898438,562.5663452148438,0.9080941677093506,0,pedestrian_blob_223.jpg
518.4083862304688,91.09149169921875,724.9841918945312,560.2962036132812,0.9094834327697754,0,pedestrian_blob_224.jpg
535.26025390625,85.91642761230469,707.7862548828125,561.3546752929688,0.8942843079566956,0,pedestrian_blob_225.jpg
559.5806274414062,78.40621948242188,685.4819946289062,563.6673583984375,0.8669277429580688,0,pedestrian_blob_226.jpg
576.0647583007812,72.88414001464844,684.9644165039062,566.5526733398438,0.9061864614486694,0,pedestrian_blob_227.jpg
570.8458862304688,72.00416564941406,696.4077758789062,564.9454345703125,0.9071491956710815,0,pedestrian_blob_228.jpg
552.4209594726562,69.07427978515625,712.8690795898438,566.9945068359375,0.92292320728302,0,pedestrian_blob_229.jpg
537.2694702148438,75.51739501953125,732.6676635742188,572.321533203125,0.9279450178146362,0,pedestrian_blob_230.jpg
526.8380126953125,80.320068359375,753.39111328125,568.9609375,0.9198284149169922,0,pedestrian_blob_231.jpg
504.99029541015625,84.41267395019531,765.9569702148438,569.4852294921875,0.9219232201576233,0,pedestrian_blob_232.jpg
484.4455871582031,86.56187438964844,763.5621337890625,571.8609008789062,0.9283279180526733,0,pedestrian_blob_233.jpg
468.5953674316406,89.15878295898438,754.96142578125,575.156494140625,0.9261342287063599,0,pedestrian_blob_234.jpg
458.84149169921875,91.56156921386719,741.6696166992188,571.8501586914062,0.9267265200614929,0,pedestrian_blob_235.jpg
455.3824462890625,91.03314208984375,737.4266357421875,571.302978515625,0.9254586100578308,0,pedestrian_blob_236.jpg
460.18756103515625,91.16220092773438,737.3648071289062,570.4765625,0.926619827747345,0,pedestrian_blob_237.jpg
464.72412109375,93.93354797363281,725.442138671875,569.6348266601562,0.9213411211967468,0,pedestrian_blob_238.jpg
478.1018371582031,94.30070495605469,724.2406616210938,568.9696655273438,0.9141955375671387,0,pedestrian_blob_239.jpg
500.40740966796875,94.07081604003906,710.1426391601562,573.7071533203125,0.9018533825874329,0,pedestrian_blob_240.jpg
521.8231811523438,90.21115112304688,686.2887573242188,573.905517578125,0.8838215470314026,0,pedestrian_blob_241.jpg
545.8720703125,88.68382263183594,668.2503662109375,569.994384765625,0.8837997913360596,0,pedestrian_blob_242.jpg
557.748291015625,84.39387512207031,679.2486572265625,572.6694946289062,0.8847214579582214,0,pedestrian_blob_243.jpg
542.6056518554688,80.73210144042969,675.1620483398438,578.53564453125,0.895119309425354,0,pedestrian_blob_244.jpg
526.631103515625,77.95834350585938,692.1536865234375,579.6351318359375,0.8858081102371216,0,pedestrian_blob_245.jpg
513.8165893554688,80.90254211425781,717.5960083007812,577.5530395507812,0.8939952850341797,0,pedestrian_blob_246.jpg
495.02630615234375,83.23849487304688,744.2584838867188,578.084228515625,0.9064692854881287,0,pedestrian_blob_247.jpg
483.511474609375,88.0633544921875,749.347900390625,572.075439453125,0.9183179140090942,0,pedestrian_blob_248.jpg
464.980712890625,90.6121826171875,744.9906005859375,574.3187255859375,0.9225373864173889,0,pedestrian_blob_249.jpg
458.6058349609375,94.45932006835938,736.49658203125,575.108642578125,0.927478015422821,0,pedestrian_blob_250.jpg
450.3017883300781,96.41799926757812,735.603759765625,576.3995361328125,0.9314723014831543,0,pedestrian_blob_251.jpg
446.92291259765625,96.72138977050781,722.9473266601562,578.2196044921875,0.9295309782028198,0,pedestrian_blob_252.jpg
445.9634704589844,98.18339538574219,717.528076171875,575.5087280273438,0.9061787724494934,0,pedestrian_blob_253.jpg
458.29608154296875,95.63801574707031,696.1766967773438,574.7411499023438,0.8794018030166626,0,pedestrian_blob_254.jpg
482.8964538574219,88.79298400878906,688.610595703125,582.3016357421875,0.9145381450653076,0,pedestrian_blob_255.jpg
496.3681640625,96.1046142578125,677.369140625,580.2813110351562,0.9116560220718384,0,pedestrian_blob_256.jpg
512.5829467773438,87.78483581542969,657.4275512695312,586.4091186523438,0.8986455798149109,0,pedestrian_blob_257.jpg
534.7981567382812,87.08946228027344,645.3567504882812,577.5934448242188,0.8810921311378479,0,pedestrian_blob_258.jpg
541.59619140625,79.92445373535156,647.898681640625,577.8169555664062,0.8892134428024292,0,pedestrian_blob_259.jpg
530.514404296875,85.23883056640625,655.011962890625,574.6385498046875,0.8999913334846497,0,pedestrian_blob_260.jpg
513.1766967773438,84.02037048339844,682.8713989257812,576.3890380859375,0.9059704542160034,0,pedestrian_blob_261.jpg
495.00933837890625,88.60020446777344,708.3506469726562,585.1315307617188,0.9138317704200745,0,pedestrian_blob_262.jpg
481.8769836425781,92.27323913574219,725.92529296875,582.3374633789062,0.9170989394187927,0,pedestrian_blob_263.jpg
466.73077392578125,95.20573425292969,730.0908813476562,581.6788940429688,0.9229148626327515,0,pedestrian_blob_264.jpg
454.47235107421875,98.24400329589844,722.5803833007812,579.7891845703125,0.926315426826477,0,pedestrian_blob_265.jpg
444.86212158203125,99.24761962890625,724.6742553710938,581.3412475585938,0.9281731247901917,0,pedestrian_blob_266.jpg
438.291015625,97.72441101074219,718.433837890625,589.356689453125,0.9395666122436523,0,pedestrian_blob_267.jpg
434.963623046875,99.84506225585938,706.1851806640625,583.82373046875,0.9412207007408142,0,pedestrian_blob_268.jpg
440.34307861328125,100.382568359375,705.4181518554688,585.7748413085938,0.9350612759590149,0,pedestrian_blob_269.jpg
451.19476318359375,103.16256713867188,697.1101684570312,581.142822265625,0.9236239194869995,0,pedestrian_blob_270.jpg
465.21917724609375,101.7120361328125,685.5896606445312,582.2571411132812,0.9240023493766785,0,pedestrian_blob_271.jpg
484.0106201171875,96.94638061523438,676.164306640625,582.1148681640625,0.9189316630363464,0,pedestrian_blob_272.jpg
506.8674011230469,93.15499877929688,653.8267822265625,575.62890625,0.9085312485694885,0,pedestrian_blob_273.jpg
535.1680908203125,91.88191223144531,648.4561767578125,569.280029296875,0.8918073177337646,0,pedestrian_blob_274.jpg
535.369140625,79.26190185546875,648.1981201171875,578.651123046875,0.9095844626426697,0,pedestrian_blob_275.jpg
510.91754150390625,86.02572631835938,662.6814575195312,573.3299560546875,0.8951183557510376,0,pedestrian_blob_276.jpg
497.3641662597656,87.59715270996094,686.732666015625,577.871337890625,0.9059620499610901,0,pedestrian_blob_277.jpg
484.1244201660156,92.45236206054688,712.7713012695312,573.85400390625,0.901206910610199,0,pedestrian_blob_278.jpg
469.87274169921875,95.11386108398438,727.1466674804688,575.1578369140625,0.9105935096740723,0,pedestrian_blob_279.jpg
448.26312255859375,91.79293823242188,731.7145385742188,579.1353759765625,0.9238971471786499,0,pedestrian_blob_280.jpg
447.39898681640625,97.63124084472656,731.8607788085938,572.9594116210938,0.9160159826278687,0,pedestrian_blob_281.jpg
438.37188720703125,98.27719116210938,725.3357543945312,577.357177734375,0.9198554158210754,0,pedestrian_blob_282.jpg
431.8177490234375,99.6131591796875,722.3470458984375,575.57373046875,0.9232726693153381,0,pedestrian_blob_283.jpg
431.2214050292969,100.31076049804688,711.0338134765625,570.3096923828125,0.9180296063423157,0,pedestrian_blob_284.jpg
436.45648193359375,101.67706298828125,704.9896850585938,573.3568725585938,0.92185378074646,0,pedestrian_blob_285.jpg
451.5101318359375,101.55000305175781,692.221923828125,571.4092407226562,0.9149525165557861,0,pedestrian_blob_286.jpg
467.111328125,99.91728210449219,684.913818359375,574.7815551757812,0.9085395336151123,0,pedestrian_blob_287.jpg
485.7246398925781,95.93069458007812,658.0556030273438,579.4508056640625,0.880350649356842,0,pedestrian_blob_288.jpg
511.4646911621094,90.60795593261719,641.0971069335938,572.7977294921875,0.8630855083465576,0,pedestrian_blob_289.jpg
539.6118774414062,88.8756103515625,641.4647827148438,574.526611328125,0.8613740801811218,0,pedestrian_blob_290.jpg
535.1527709960938,86.00978088378906,651.1630249023438,569.7451171875,0.8932486176490784,0,pedestrian_blob_291.jpg
522.3275146484375,84.73703002929688,679.0218505859375,567.1617431640625,0.8718356490135193,0,pedestrian_blob_292.jpg
508.5915832519531,87.11250305175781,691.7716064453125,572.3970947265625,0.9087715148925781,0,pedestrian_blob_293.jpg
491.76910400390625,89.95591735839844,721.0055541992188,574.7833251953125,0.9123955965042114,0,pedestrian_blob_294.jpg
474.67724609375,91.8773193359375,726.66455078125,574.4325561523438,0.9221981763839722,0,pedestrian_blob_295.jpg
462.4324035644531,95.92562866210938,734.3314208984375,574.3416748046875,0.930387556552887,0,pedestrian_blob_296.jpg
451.2615966796875,98.30210876464844,720.7313232421875,573.4329833984375,0.9309714436531067,0,pedestrian_blob_297.jpg
441.6061096191406,99.37226867675781,720.180419921875,574.509033203125,0.9355596303939819,0,pedestrian_blob_298.jpg
432.0540771484375,100.64276123046875,730.371826171875,579.1715698242188,0.9338879585266113,0,pedestrian_blob_299.jpg
435.6648254394531,100.13250732421875,712.17724609375,576.4962768554688,0.9306834936141968,0,pedestrian_blob_300.jpg
441.86114501953125,102.44624328613281,706.1918334960938,570.6244506835938,0.9228849411010742,0,pedestrian_blob_301.jpg
454.7606201171875,101.31312561035156,708.212646484375,569.907958984375,0.9163313508033752,0,pedestrian_blob_302.jpg
686.8904418945312,248.01080322265625,715.2233276367188,336.2623291015625,0.7024024128913879,0,pedestrian_blob_303.jpg
680.22509765625,247.57571411132812,711.7645263671875,335.1315612792969,0.7064506411552429,0,pedestrian_blob_304.jpg
676.4330444335938,246.6708984375,706.9968872070312,338.66693115234375,0.7297455668449402,0,pedestrian_blob_305.jpg
531.4700927734375,88.67378234863281,654.914306640625,567.1836547851562,0.89372318983078,0,pedestrian_blob_306.jpg
542.9825439453125,86.1422119140625,659.2418212890625,571.4098510742188,0.8871767520904541,0,pedestrian_blob_307.jpg
529.2977905273438,83.02920532226562,667.1641235351562,574.2105712890625,0.8846980333328247,0,pedestrian_blob_308.jpg
511.57672119140625,85.37220764160156,699.8881225585938,580.5953369140625,0.8887701630592346,0,pedestrian_blob_309.jpg
497.281982421875,90.18927001953125,720.25048828125,577.6682739257812,0.8946082592010498,0,pedestrian_blob_310.jpg
485.6971435546875,93.49137878417969,739.964111328125,578.0125732421875,0.903296947479248,0,pedestrian_blob_311.jpg
654.6378784179688,249.02304077148438,681.6834106445312,295.5950622558594,0.4757095277309418,0,pedestrian_blob_312.jpg
648.244873046875,249.98257446289062,673.3323974609375,291.0299377441406,0.4418919086456299,0,pedestrian_blob_313.jpg
641.8530883789062,255.57211303710938,671.7980346679688,345.8726501464844,0.3542748987674713,0,pedestrian_blob_314.jpg
643.3020629882812,306.9022521972656,664.1696166992188,345.0789489746094,0.2748788595199585,0,pedestrian_blob_315.jpg
635.7053833007812,304.0216064453125,660.5858764648438,345.25872802734375,0.36478114128112793,0,pedestrian_blob_316.jpg
635.0969848632812,247.82308959960938,659.6447143554688,296.0079650878906,0.2629508674144745,0,pedestrian_blob_317.jpg
626.0757446289062,251.5006103515625,685.3745727539062,343.79095458984375,0.3204706013202667,0,pedestrian_blob_318.jpg
624.3489990234375,248.41192626953125,678.419677734375,350.41387939453125,0.3164885938167572,0,pedestrian_blob_319.jpg
626.040283203125,248.98171997070312,660.8297119140625,361.0312194824219,0.41895627975463867,0,pedestrian_blob_320.jpg
534.4996337890625,90.11616516113281,651.7989501953125,581.43310546875,0.9063335061073303,0,pedestrian_blob_321.jpg
546.8302001953125,89.63357543945312,652.294677734375,580.72265625,0.8684563636779785,0,pedestrian_blob_322.jpg
543.1779174804688,83.23081970214844,660.0433959960938,574.7373046875,0.8408689498901367,0,pedestrian_blob_323.jpg
526.4234008789062,82.93307495117188,675.4393920898438,573.5592041015625,0.8689495325088501,0,pedestrian_blob_324.jpg
515.7884521484375,83.30319213867188,703.2962646484375,577.9420166015625,0.899269163608551,0,pedestrian_blob_325.jpg
494.6158752441406,88.45802307128906,727.1090087890625,582.1568603515625,0.8986954689025879,0,pedestrian_blob_326.jpg
480.8241882324219,89.39912414550781,732.5224609375,573.73193359375,0.9067361354827881,0,pedestrian_blob_327.jpg
465.42413330078125,93.96141052246094,738.1747436523438,574.353515625,0.9117140173912048,0,pedestrian_blob_328.jpg
453.98638916015625,96.9271240234375,738.5800170898438,578.4464111328125,0.9181104898452759,0,pedestrian_blob_329.jpg
443.464111328125,98.12298583984375,736.601806640625,580.791015625,0.918329656124115,0,pedestrian_blob_330.jpg
433.232421875,98.23648071289062,732.098388671875,580.4549560546875,0.9219387769699097,0,pedestrian_blob_331.jpg
437.50811767578125,99.62918090820312,731.9432983398438,578.817626953125,0.9229151010513306,0,pedestrian_blob_332.jpg
454.44580078125,98.97970581054688,722.8201904296875,584.8115234375,0.9213826060295105,0,pedestrian_blob_333.jpg
462.4845886230469,99.13995361328125,714.7561645507812,581.1763916015625,0.913684070110321,0,pedestrian_blob_334.jpg
493.31231689453125,93.24638366699219,693.5635375976562,575.5739135742188,0.913211464881897,0,pedestrian_blob_335.jpg
493.1415100097656,96.09126281738281,678.2012939453125,580.488525390625,0.8993806838989258,0,pedestrian_blob_336.jpg
514.9340209960938,94.84036254882812,658.7194213867188,577.879638671875,0.8856675624847412,0,pedestrian_blob_337.jpg
541.8074340820312,88.58309936523438,654.0460815429688,570.62890625,0.8836381435394287,0,pedestrian_blob_338.jpg
545.0525512695312,85.294677734375,661.7300415039062,577.1314697265625,0.8938248753547668,0,pedestrian_blob_339.jpg
530.5702514648438,83.00082397460938,674.7236938476562,579.5946044921875,0.8919868469238281,0,pedestrian_blob_340.jpg
513.619140625,77.03382873535156,683.8223876953125,578.5177001953125,0.8832565546035767,0,pedestrian_blob_341.jpg
503.062744140625,87.07122802734375,713.511962890625,584.9824829101562,0.8459916114807129,0,pedestrian_blob_342.jpg
488.99444580078125,87.95515441894531,740.9889526367188,583.4607543945312,0.9004790186882019,0,pedestrian_blob_343.jpg
473.530517578125,93.53587341308594,734.2083740234375,578.9332275390625,0.9130374193191528,0,pedestrian_blob_344.jpg
464.48486328125,95.10723876953125,733.6053466796875,582.9700317382812,0.9234773516654968,0,pedestrian_blob_345.jpg
453.4652404785156,96.38404846191406,733.7694091796875,579.7677612304688,0.9306749701499939,0,pedestrian_blob_346.jpg
444.1182861328125,95.55683898925781,728.46875,580.41064453125,0.933012843132019,0,pedestrian_blob_347.jpg
438.3425598144531,95.86564636230469,715.10498046875,578.41357421875,0.92955082654953,0,pedestrian_blob_348.jpg
446.15087890625,96.1422119140625,707.11083984375,573.9166870117188,0.9168816804885864,0,pedestrian_blob_349.jpg
461.4090881347656,94.44139099121094,692.5281982421875,570.8997802734375,0.9265557527542114,0,pedestrian_blob_350.jpg
476.11285400390625,91.89222717285156,678.6691284179688,571.3770751953125,0.912871778011322,0,pedestrian_blob_351.jpg
495.33416748046875,88.98016357421875,662.3483276367188,571.177978515625,0.9041010141372681,0,pedestrian_blob_352.jpg
515.5255126953125,82.73237609863281,649.6820068359375,574.5737915039062,0.8811847567558289,0,pedestrian_blob_353.jpg
545.7996215820312,81.15496826171875,653.3847045898438,572.592529296875,0.8897706270217896,0,pedestrian_blob_354.jpg
537.0604248046875,77.05267333984375,657.8077392578125,579.3794555664062,0.8847618699073792,0,pedestrian_blob_355.jpg
